{"0.0": 0.7611731843575419, "1.0": 0.2388268156424581}